Patient ID,Patient Name,Bill Type,Status,Amount,Date And Time
E53,ammar,Emergency,PAID,2268,2025-12-25 12:09
E54,ammar,Emergency,PAID,2300,2025-12-25 12:45
E55,husaain,Emergency,OPEN,2700,2025-12-25 12:50
E56,zain,Emergency,UNPAID,2300,2025-12-28 00:48
O001,David Williams,OPD,OPEN,500,2025-12-25 15:08
O007,Alex Johnson,OPD,OPEN,500,2025-12-25 14:08
O008,David Davis,OPD,PAID,2000,
O035,David Wilson,OPD,PAID,1833,2025-12-24 19:58
O55,zain,OPD,PAID,3300,2025-12-25 13:18
O56,ammar,OPD,PAID,500,2025-12-28 00:47
O57,39424,OPD,PAID,500,2026-01-01 10:54
